journal,apc,parent
Archives of Sexual Behavior,3190,Springer Nature
Journal of Sex & Marital Therapy,4369,Taylor & Francis
The Journal of Sexual Medicine,3728,Oxford University Press
European Journal of Developmental Psychology,3988,Taylor & Francis
The Journal of Clinical Endocrinology & Metabolism,3938,Oxford University Press
Acta Paediatrica,4690,Wiley
BMJ,8090,BMJ Group
Pediatrics,3100,American Academy of Pediatrics
Archives of Disease in Childhood,5877,BMJ Group
Child and Adolescent Mental Health,3700,Wiley
European Journal of Endocrinology,4538,Oxford University Press
JAMA Pediatrics,6000,JAMA Network
International Journal of Transgender Health,5166,Taylor & Francis
Journal of Adolescent Health,4070,Elsevier
Journal of Medical Ethics,5977,BMJ Group
Australasian Psychiatry,4440,Sage Publications
The Journal of Pediatrics,4510,Elsevier
Clinical Child Psychology and Psychiatry,3910,Sage Publications
Journal of the American Academy of Child & Adolescent Psychiatry,4420,Elsevier
The International Journal of Psychoanalysis,3607,Taylor & Francis
The Lancet Child & Adolescent Health,8090,Elsevier
American Journal of Psychiatry,0,American Psychiatric Association
Journal of Child Psychotherapy,3272,Taylor & Francis
Nordic Journal of Psychiatry,3607,Taylor & Francis
PLOS ONE,2477,PLoS
Children,2966,MDPI
European Child & Adolescent Psychiatry,4990,Springer Nature
Frontiers in Endocrinology,3893,Frontiers Media
International Journal of Transgenderism,0,Taylor & Francis
Nature Human Behaviour,12850,Springer Nature
Psychoneuroendocrinology,3780,Elsevier
Endocrine Practice,3850,Elsevier
Frontiers in Immunology,3893,Frontiers Media
JAMA Network Open,4000,JAMA Network
Journal of Clinical Medicine,3214,MDPI
Journal of Homosexuality,4370,Taylor & Francis
Journal of Pediatric Endocrinology and Metabolism,1667,De Gruyter Brill
New England Journal of Medicine,0,NEJM Group
106,,
Bone,3830,Elsevier
Current Opinion in Psychology,4050,Elsevier
Current Sexual Health Reports,4390,Springer Nature
European Psychiatry,3655,Cambridge University Press
Frontiers in Global Women's Health,3331,Frontiers Media
Hormone Research in Paediatrics,4190,Karger
Journal of Analytical Psychology,3300,Wiley
Journal of Autism and Developmental Disorders,3290,Springer Nature
Journal of Clinical Nursing,5450,Wiley
Journal of Controversial Ideas,0,Foundation for Freedom of Thought and Discussion
Journal of the Endocrine Society,3418,Oxford University Press
PLOS Global Public Health,2596,PLoS
Plastic and Reconstructive Surgery - Global Open,2765,American Society of Plastic Surgeons
Psychology of Sexual Orientation and Gender Diversity,3500,American Psychological Association
Scientific Reports,2850,Springer Nature
The Journal of Adolescent Health: Official Publication of the Society for Adolescent Medicine,4070,Elsevier
The Lancet Regional Health - Americas,5800,Elsevier
The Lancet. Child & Adolescent Health,8090,Elsevier
The New Bioethics,3272,Taylor & Francis
Transgender Health,4440,Sage Publications
      https://journals.lww.com/10.1097/PRS.0000000000011734,,
      https://opa.hhs.gov/sites/default/files/2025-05/gender-dysphoria-report.pdf,,
      https://www.medrxiv.org/content/10.1101/2025.05.14.25327614v1,,
Annals of Plastic Surgery,4300,Wolters Kluwer
Annals of internal medicine,0,American College of Physicians
BJPsych Open,3655,Cambridge University Press
Brain,6099,Oxford University Press
British Journal of General Practice,3342,Royal College of General Practitioners
Child Maltreatment,4170,Sage Publications
Child and Adolescent Psychiatry and Mental Health,3290,Springer Nature
Circulation,5400,American Heart Association
Clinical Case Reports,1910,Wiley
Controversial Ideas,0,Foundation for Freedom of Thought and Discussion
Cureus,0,Springer Nature
Discover Mental Health,1790,Springer Nature
Endocrine,5190,Springer Nature
Family & Law,0,
Frontiers in Psychology,3893,Frontiers Media
General Psychiatry,2700,Wiley
Healthcare,3337,MDPI
Human Systems,3640,Sage Publications
International Journal of Pediatric Endocrinology,0,Springer Nature
International Review of Psychiatry,4819,Taylor & Francis
Journal of pediatric endocrinology & metabolism: JPEM,1675,De Gruyter Brill
Nederlands Tijdschrift Voor Geneeskunde,0,Society NTvG
Psychiatry Research,4020,Elsevier
Public Health Reports,4710,Sage Publications
Research Connections,2150,Oxford University Press
Zeitschrift für Kinder- und Jugendpsychiatrie und Psychotherapie,0,Hogrefe
eClinicalMedicine,6810,Elsevier
      https://blogs.bmj.com/bmjebmspotlight/2019/02/25/gender-affirming-hormone-in-children-and-adolescents-evidence-review/,,
      https://cass.independent-review.uk/wp-content/uploads/2024/04/CassReview_Final.pdf,,
      https://doi.org/10.1056/nejmc2302030,,
      https://palveluvalikoima.fi/documents/1237350/22895623/Summary_non-binary_en.pdf/8e5f9035-6c98-40d9-6acd-7459516d6f92/Summary_non-binary_en.pdf,,
      https://register.awmf.org/assets/guidelines/028-014l_S2k_Geschlechtsinkongruenz-Geschlechtsdysphorie-Kinder-Jugendliche_2025-06.pdf,,
      https://sarahmittermaier.substack.com/p/it-is-the-ultimate-dissonance,,
      https://users.ox.ac.uk/~sfos0060/Biggs_ExperimentPubertyBlockers.pdf,,
      https://www.engage.england.nhs.uk/consultation/puberty-suppressing-hormones/user_uploads/nice-evidence-review-gnrh-analogues-for-children-and-adolescents-with-gender-dysphoria-october-2020.pdf,,
      https://www.ohchr.org/en/documents/thematic-reports/ahrc5947-sex-based-violence-against-women-and-girls-new-frontiers-and,,
      https://www.plasticsurgery.org/documents/health-policy/positions/2026-gender-surgery-children-adolescents.pdf,,
      https://www.socialstyrelsen.se/globalassets/sharepoint-dokument/artikelkatalog/kunskapsstod/2023-1-8330.pdf,,
      https://www.sullivanreview.uk/documents.php,,
      https://www.thenewatlantis.com/publications/growing-pains,,
Actas Esp Psiquiatr,2973,Fundacion Juan Jose Lopez-Ibor
"Adolescent Health, Medicine and Therapeutics",0,Taylor & Francis
Advances in Psychiatric Treatment,3655,Cambridge University Press
American Journal of Obstetrics and Gynecology,5680,Elsevier
American Psychologist,3500,American Psychological Association
Andrology,3180,Wiley
Annals of Surgery Open,2250,Wolters Kluwer
Annals of epidemiology,3630,Elsevier
Archives of General Psychiatry,0,JAMA Network
BJPsych Bulletin,3655,Cambridge University Press
BJPsych bulletin,3655,Cambridge University Press
BMC Medical Ethics,2390,Springer Nature
BMC Psychiatry,3390,Springer Nature
BMC Public Health,3450,Springer Nature
BMJ Mental Health,4925,BMJ Group
Best Practice & Research Clinical Obstetrics & Gynaecology,4730,Elsevier
BioMed Research International,2950,Wiley
Body Image,4290,Elsevier
Brain Structure & Function,5090,Springer Nature
British Journal of Healthcare Management,1450,Mark Allen Group
British Journal of Psychotherapy,3350,Wiley
British Journal of Sports Medicine,6006,BMJ Group
Case Reports in Plastic Surgery & Hand Surgery,1846,Taylor & Francis
Circulation: Cardiovascular Quality and Outcomes,0,American Heart Association
Clinical Practice in Pediatric Psychology,3210,Sage Publications
Clinical Reviews in Bone and Mineral Metabolism,0,Wolters Kluwer
"Culture, Health & Sexuality",5190,Taylor & Francis
Current Opinion in Urology,3888,Wolters Kluwer
Deutsches Ärzteblatt International,0,Deutscher Arzte Verlag
Developmental Psychology,3500,American Psychological Association
Diabetes Care,2500,American Diabetes Association
Endocrine Connections,2401,Bioscientifica
Endocrine Reviews,3938,Oxford University Press
Endocrinology,3938,Oxford University Press
Endocrinology and Metabolism Clinics of North America,3900,Elsevier
"Endocrinología, Diabetes y Nutrición (English ed.)",2360,Elsevier
European Journal of Pediatrics,4990,Springer Nature
Family process,3570,Wiley
Fertility and Sterility,4420,Elsevier
Frontiers in Human Neuroscience,3921,Frontiers Media
Frontiers in Psychiatry,3921,Frontiers Media
Hormones,3490,Springer Nature
Hormones and Behavior,3520,Elsevier
Human Reproduction,4918,Oxford University Press
Human Reproduction Update,4770,Oxford University Press
International Journal of Adolescent Medicine and Health,683,De Gruyter Brill
International Journal of Clinical and Health Psychology,3500,Elsevier
International Journal of Environmental Research and Public Health,3112,MDPI
International Urogynecology Journal,3890,Springer Nature
JAMA Psychiatry,6000,JAMA Network
JCEM Case Reports,1300,Oxford University Press
Journal of Affective Disorders,3730,Elsevier
Journal of Bioethical Inquiry,4790,Springer Nature
Journal of Child Psychology and Psychiatry,4530,Wiley
Journal of Clinical Densitometry,3000,Elsevier
Journal of Endocrinological Investigation,4990,Springer Nature
Journal of Experimental Child Psychology,3330,Elsevier
"Journal of Infant, Child, and Adolescent Psychotherapy",3565,Taylor & Francis
"Journal of Law, Medicine & Ethics",3655,Cambridge University Press
Journal of Nervous and Mental Disease,3485,Wolters Kluwer
Journal of Open Inquiry in the Behavioral Sciences,75,Society for Open Inquiry in Behavioral Science
Journal of Pediatric Psychology,4549,Oxford University Press
Journal of Pediatric and Adolescent Gynecology,3230,Elsevier
"Journal of Plastic, Reconstructive & Aesthetic Surgery",3470,Elsevier
Journal of Surgical Case Reports,945,Oxford University Press
Journal of Vascular Diseases,1494,MDPI
Journal of the American College of Clinical Pharmacy,3640,Wiley
L'Évolution Psychiatrique,4928,Elsevier
LGBT Health,4710,Sage Publications
Mental Wellness,0,PAGEPress
Metalogos Systemic Therapy Journal,0,Systemic Association of Northern Greece
Molecular Reproduction and Development,4470,Wiley
Monographs of the Society for Research in Child Development,3183,Oxford University Press
Nature Reviews Psychology,0,Springer Nature
Neuropsychiatric Disease and Treatment,3940,Taylor & Francis
PEDIATRICS,3100,American Academy of Pediatrics
Pediatric Nephrology,4690,Springer Nature
Porto Biomedical Journal,0,Elsevier
Psychiatria Fennica,0,Finnish Foundation for Psychiatric Research
Psychodynamic Psychiatry,0,Guilford Press
Psychological Perspectives,2840,Taylor & Francis
Reproduction and Fertility,2402,Bioscientifica
Reproductive BioMedicine Online,3830,Elsevier
Reviews in Endocrine and Metabolic Disorders,5890,Springer Nature
Suom Lääkäril [Finnish Medical Journal],0,Finnish Medical Association
Swiss Medical Weekly,0,PKP Publishing
The American Journal of Bioethics,4320,Taylor & Francis
The British Journal of Psychiatry,5070,Cambridge University Press
The Journal of Clinical Endocrinology and Metabolism,3938,Oxford University Press
The Journal of LGBTQ+ Mental Health,4320,Taylor & Francis
The Journal of Medicine and Philosophy: A Forum for Bioethics and Philosophy of Medicine,4172,Oxford University Press
The Lancet Regional Health – Western Pacific,5010,Elsevier
The Medico-Legal Journal,4170,Sage Publications
Thorax,6006,BMJ Group
Tijdschrift Voor Psychotherapie,0,
Translational Andrology and Urology,1900,AME Publishing
Women,1494,MDPI
Youth & Society,3910,Sage Publications
neuropsychiatrie,3390,Springer Nature
      https://cass.independent-review.uk/wp-content/uploads/2022/09/20220726_Evidence-review_Gender-affirming-hormones_For-upload_Final.pdf,,
      https://journals.plos.org/globalpublichealth/article?id=10.1371/journal.pgph.0000426,,
BMC Medical Research Methodology,3090,Springer Nature
BMJ Open,3190,BMJ Group
Endocrine Research,3940,Taylor & Francis
History of Psychiatry,3910,Sage Publications
International Journal of Sexual Health,4320,Taylor & Francis
Nutrients,3610,MDPI
The Linacre Quarterly,4440,Sage Publications
The Psychoanalytic Study of the Child,3565,Taylor & Francis
World Journal of Urology,4690,Springer Nature